{
    "name": "Circle.001Geometry",
    "normals": [0,-1,0,-0.515641,-0.778619,-0.357494,-0.56859,-0.6657,-0.4832,-0.435987,-0.778619,-0.451216,0.11182,-0.778619,0.61742,0.060366,-0.6657,0.743736,0.340403,-0.6657,0.664022,0.56859,-0.6657,0.4832,0.710227,-0.6657,0.228828,0.743736,-0.6657,-0.060366,0.627369,-0.778619,0.010743,0,1,0,-0.515641,0.778619,-0.357494,-0.56859,0.6657,-0.4832,-0.435987,0.778619,-0.451216,0.11182,0.778619,0.61742,0.060366,0.6657,0.743736,0.340403,0.6657,0.664022,0.56859,0.6657,0.4832,0.710227,0.6657,0.228828,0.743736,0.6657,-0.060366,0.627369,0.778619,0.010743,-0.01352,0.614795,0.788537,-0.01352,-0.614795,0.788537,0.228828,0.6657,-0.710227,-0.060366,0.6657,-0.743736,-0.743736,-0.6657,0.060366,-0.648122,-0.614795,-0.449355,-0.548021,-0.614795,-0.567156,-0.060366,-0.6657,-0.743736,0.4832,-0.6657,-0.56859,0.776025,-0.614795,-0.140538,0.228828,-0.6657,-0.710227,-0.664022,0.6657,0.340403,-0.4832,0.6657,0.56859,-0.4832,-0.6657,0.56859,0.4832,0.6657,-0.56859,0.776025,0.614795,-0.140538,-0.548021,0.614795,-0.567156,-0.664022,-0.6657,0.340403,-0.743736,0.6657,0.060366,-0.648122,0.614795,-0.449355,-0.242988,-0.609973,0.754204,-0.242988,0.609973,0.754204,-0.774651,0.609973,0.166662,-0.774651,-0.609973,0.166662,0.242988,-0.609973,-0.754204,0.242988,0.609973,-0.754204,0.774651,0.609973,-0.166662,0.774651,-0.609973,-0.166662,0.531663,-0.609973,0.587542,0.531663,0.609973,0.587542,-0.531663,0.609973,-0.587542,-0.531663,-0.609973,-0.587542],
    "vertices": [1.52316,0.789789,1.23297,1.31079,0.789789,1.20837,1.10517,0.789789,1.26691,0.937609,0.789789,1.39968,0.833609,0.789789,1.58646,0.809005,0.789789,1.79883,0.867543,0.789789,2.00445,1.00031,0.789789,2.17201,1.1871,0.789789,2.27601,1.39946,0.789789,2.30061,1.60508,0.789789,2.24207,1.77264,0.789789,2.10931,1.87664,0.789789,1.92252,1.90125,0.789789,1.71016,1.84271,0.789789,1.50454,1.70994,0.789789,1.33698,1.35513,0.789789,1.75449,1.52316,0.953408,1.23297,1.31079,0.953408,1.20837,1.10517,0.953408,1.26691,0.937609,0.953408,1.39968,0.833609,0.953408,1.58646,0.809005,0.953408,1.79883,0.867543,0.953408,2.00445,1.00031,0.953408,2.17201,1.1871,0.953408,2.27601,1.39946,0.953408,2.30061,1.60508,0.953408,2.24207,1.77264,0.953408,2.10931,1.87664,0.953408,1.92252,1.90125,0.953408,1.71016,1.84271,0.953408,1.50454,1.70994,0.953408,1.33698,1.35513,0.953408,1.75449,1.73581,0.789789,0.572969,1.52344,0.789789,0.548365,1.31782,0.789789,0.606904,2.05536,0.789789,0.844533,1.92259,0.789789,0.676969,1.73581,0.953408,0.572969,1.52344,0.953408,0.548365,1.31782,0.953408,0.606904,2.05536,0.953408,0.844533,1.92259,0.953408,0.676969,0.216549,0.789789,1.90279,0.191946,0.789789,2.11516,0.250484,0.789789,2.32077,0.383252,0.789789,2.48834,0.570038,0.789789,2.59234,0.216549,0.953408,1.90279,0.191946,0.953408,2.11516,0.250484,0.953408,2.32077,0.383252,0.953408,2.48834,0.570038,0.953408,2.59234,0.457808,0.800498,2.2022,0.457808,0.278533,2.2022,1.67917,0.278533,0.744676,1.67917,0.800498,0.744676,1.69343,0.278533,0.760436,1.69343,0.800498,0.760436,1.68691,0.278533,0.780667,1.68691,0.800498,0.780667,1.66613,0.278533,0.785137,1.66613,0.800498,0.785137,1.65187,0.278533,0.769377,1.65187,0.800498,0.769377,1.65839,0.278533,0.749146,1.65839,0.800498,0.749146,0.472069,0.278533,2.21796,0.472069,0.800498,2.21796,0.465551,0.278533,2.23819,0.465551,0.800498,2.23819,0.444772,0.278533,2.24266,0.444772,0.800498,2.24266,0.430511,0.278533,2.2269,0.430511,0.800498,2.2269,0.437029,0.278533,2.20667,0.437029,0.800498,2.20667],
    "faces": [32,1,16,2,0,0,1,32,2,16,3,1,0,2,32,3,16,4,2,0,3,32,4,16,5,3,0,0,32,5,16,6,0,0,0,32,6,16,7,0,0,0,32,7,16,8,0,0,4,32,8,16,9,4,0,5,32,9,16,10,5,0,6,32,10,16,11,6,0,7,32,11,16,12,7,0,8,32,12,16,13,8,0,9,32,13,16,14,9,0,10,32,14,16,15,10,0,0,32,15,16,0,0,0,0,32,0,16,1,0,0,0,32,18,19,33,11,12,11,32,19,20,33,12,13,11,32,20,21,33,13,14,11,32,21,22,33,14,11,11,32,22,23,33,11,11,11,32,23,24,33,11,11,11,32,24,25,33,11,15,11,32,25,26,33,15,16,11,32,26,27,33,16,17,11,32,27,28,33,17,18,11,32,28,29,33,18,19,11,32,29,30,33,19,20,11,32,30,31,33,20,21,11,32,31,32,33,21,11,11,32,32,17,33,11,11,11,32,17,18,33,11,11,11,33,13,14,31,30,9,10,21,20,33,8,25,53,48,4,15,22,23,33,18,17,39,40,11,11,24,25,33,4,5,45,44,3,0,26,27,33,1,2,36,35,0,1,28,29,33,14,15,38,37,10,0,30,31,33,8,9,26,25,4,5,16,15,33,0,1,35,34,0,0,29,32,33,9,10,27,26,5,6,17,16,33,2,3,20,19,1,2,13,12,33,10,11,28,27,6,7,18,17,33,3,4,21,20,2,3,14,13,33,11,12,29,28,7,8,19,18,33,24,23,51,52,11,11,33,34,33,12,13,30,29,8,9,20,19,33,7,8,48,47,0,4,23,35,33,37,38,43,42,31,30,36,37,33,34,35,40,39,32,29,25,24,33,38,34,39,43,30,32,24,36,33,35,36,41,40,29,28,38,25,33,15,0,34,38,0,0,32,30,33,2,19,41,36,1,12,38,28,33,32,31,42,43,11,21,37,36,33,19,18,40,41,12,11,25,38,33,17,32,43,39,11,11,36,24,33,31,14,37,42,21,10,31,37,33,46,47,52,51,39,35,34,33,33,47,48,53,52,35,23,22,34,33,44,45,50,49,27,26,40,41,33,45,46,51,50,26,39,33,40,33,5,6,46,45,0,0,39,26,33,25,24,52,53,15,11,34,22,33,22,21,49,50,11,14,41,40,33,21,4,44,49,14,3,27,41,33,6,7,47,46,0,0,35,39,33,23,22,50,51,11,11,40,33,33,72,73,75,74,42,43,44,45,33,56,57,59,58,46,47,48,49,33,70,71,73,72,50,51,43,42,33,58,59,61,60,49,48,51,50,33,74,75,77,76,45,44,52,53,33,68,69,71,70,49,48,51,50,33,60,61,63,62,50,51,43,42,33,76,77,54,55,53,52,47,46,33,55,54,69,68,46,47,48,49,33,62,63,65,64,42,43,44,45,32,59,63,61,48,43,51,32,67,65,63,52,44,43,32,59,57,67,48,47,52,32,59,67,63,48,52,43,33,66,67,57,56,53,52,47,46,33,64,65,67,66,45,44,52,53,32,55,74,76,46,45,53,32,70,72,74,50,42,45,32,55,68,70,46,49,50,32,55,70,74,46,50,45,32,69,73,71,48,43,51,32,77,75,73,52,44,43,32,69,54,77,48,47,52,32,69,77,73,48,52,43,32,56,64,66,46,45,53,32,60,62,64,50,42,45,32,56,58,60,46,49,50,32,56,60,64,46,50,45],
    "uvs": [],
    "metadata": {
        "normals": 54,
        "vertices": 78,
        "faces": 96,
        "version": 3,
        "type": "Geometry",
        "uvs": 0,
        "generator": "io_three"
    }
}